Workbook
Name CaseACocher1: 'Fiche Creation Commande (P1)'!#REF!
Name CaseACocher1: 'Fiche Creation Commande (P2)'!#REF!

Sheet Fiche Creation Commande (P1)
B1: Zone avec formule
D5: Catégorie 1 | J5: Catégorie 2 | P5: Catégorie 3 | U5: Catégorie 4 | AF5: Catégorie 5 | AK5: Catégorie 6
D6: Etudes | J6: Travaux | P6: Fourniture Matériel | U6: Prestations | AF6: Maintenance | AK6: Autres
D7: Etude Avifaune, faune, flore | J7: Système Électrique Insulaire sur Mandat | P7: Appareils de manutention / levage | U7: ANALYSES HUILES ET AUTRES LIQUIDES | AF7: Maintenance de matériels d'ateliers d'énergie
D8: Etudes acoustiques | J8: Liaisons HT et THT-Four. Pylônes spéciaux U, architecturés, aéro-souterrains | P8: Appareils de mesure | U8: ASSISTANCE MOA CONSTRUCT°/COORD SECURITE | AF8: Maintenance de matériels de CCN
D9: Etudes d'impact | J9: Travaux LA-Elagage | P9: CONSOMMABLES BUREAUTIQUE ET INFORMATIQUE | U9: DEMOLITION/EVACUATION OUVRAGE TRANSPORT | AF9: Maintenance de matériels de comptage
D10: Etudes-Architecte et Maîtrise d'oeuvre | J10: Travaux LA-Fondations spéciales et GC LA | P10: Fourniture de câbles nus | U10: ENLEV/TRAIT DECHETS DANGEREUX AMIANT(DD) | AF10: Maintenance de matériels de filerie
D11: ETUDE TECHNIQUE - LIGNES AERIENNES | J11: Travaux LA-Installation, maintenance de FO | P11: Fourniture de tourets | U11: ENLEV/TRAIT DECHETS DANGEREUX AUTRES(DD) | AF11: Maintenance de matériels de protection et d'automatisme
D12: ETUDE TOPO/CARTOGRAPHIQUE-LIG AERIENNES | J12: Travaux LA-Travaux de montage LA | P12: Outillage isolé HTBT / TST | U12: ENLEV/TRAIT DECHETS DANGEREUX PCB (DD) | AF12: Maintenance de matériels de qualimétrie
D13: ETUDES GÉO-TECHNIQUES - LIGNES AÉRIENNES | J13: Travaux LA-Travaux peinture sur pylônes | P13: Petit matériel courant | U13: ENLEV/TRAIT DECHETS DANGEREUX SF6 (DD) | AF13: Maintenance de matériels de téléconduite
D14: Etudes matériels pour lignes aériennes | J14: DEPLOIEMENT ELECTRE PETIT d F+T | P14: Matériels de lignes | U14: ENLEV/TRAIT DECHETS NON DANGEREUX (DND) | AF14: Maintenance de stations de conversion
D15: ETUDE TECHNIQUE - POSTE | J15: GROS OEUVRE BATIMENT INDUSTRIEL (INVEST) | P15: Fourn, instal des systèmes de protection de postes | U15: Gardiennage | AF15: Maintenance des appareillages HTB
D16: ETUDE TOPO/CARTOGRAPHIQUE - POSTE | J16: Montage, installation des appareillages HTB | P16: Fourniture de matériels de CCN des grands postes | U16: Photomontage - Simulation 3D | AF16: Maintenance des installations de protection des postes
D17: ETUDES ESSAIS & QUALIF MATERIL CCL | J17: Montage, installation transformateurs et matériels bobinés | P17: Fourniture de matériels de CCN des postes sources | U17: Prestations de diagnostics sur installations électriques | AF17: Maintenance des transformateurs et des matériels bobinés
D18: Etudes PO-ETUDES GÉO-TECHNIQUES - POSTES | J18: Postes HT et THT-Montage, installation des matériels de compensation | P18: Fourniture de matériels de comptage | U18: SERVICES DE PRISE DE VUES AERIENNES | AF18: Maintenance et Contrôle réglementaire outillage
D19: ETUDE TOPO/CARTOGRAPHIQUE - LIG SOUTERR | J19: SND OEUVRE BATIMENT INDUSTRIEL | P19: Fourniture de matériels de filerie | U19: Transport lourd | AF19: Postes HT et THT-Maintenance des matériels de compensation
D20: Etudes LS-ETUDE GEO - TECHNIQUE | J20: SND OEUVRE BATIMENTS D'HABITATION | P20: Fourniture de matériels de protection et d'automatisme
D21: ETUDES TECHNIQUES - LIGNES SOUTERRAINES | J21: Travaux bâtiments hors installations IRT | P21: Fourniture de matériels de qualimétrie
D22: ETUDES TECHNIQUES LIGNES SOUS-MARINES | J22: TRAVAUX DE TERRASSEMENT | P22: Fourniture de matériels de téléconduite
J23: TRAVAUX GENIE CIVIL -VRD- VOIES D'ACCES | P23: FOURNITURE DE MOBILIER
J24: Travaux postes | P24: Fourniture de pièces détachées de PSEM
J25: Fonçages - Forages dirigés | P25: Fourniture de pièces détachées et sous ensembles de disj HTB
J26: Travaux Génie Civil Lignes Souterraines et déroulage | P26: Fourniture de pièces détachées et sous ensembles de sect HTB
J27: TRAVAUX LIAISON PROVISOIRE (CAB. SECS) | P27: Fourniture de postes intérieurs modulaires (PIM)
J28: Travaux LS | P28: Fourniture de postes sous enveloppe métallique HTB (PSEM)
P29: Fourniture d'équipements et accessoires de transformateurs
P30: Fourniture d'équipements stations conversion courant continu
P31: FOURNITURES DE BUREAU
P32: PIECES DETACHEES POUR MATL DE CCN
F142: % | I142: Genre | AE142: Totaux | AI142: Services
I143: POSTE | POSTE MAF | ETUDES LIAISONS | TRVX LA | TRVX LS | F.O. | CABLIERS | F.S. | SPS | AUTRES : | AB143: Page 1 | AE143: =$R$225 -> 30000 | AI143: SLAS
F144: 0.1 | I144: POSTE | AB144: Page 1+2 | AE144: ='Fiche Creation Commande (P2)'!$O$79 -> 0 | AI144: SLS
F145: 0.2 | I145: POSTE MAF | R145: oui | AB145: Page 1+2+3 | AE145: ='Fiche Creation Commande (P2)'!$O$142 -> 0 | AI145: SLA
F146: 0.3 | I146: ETUDES LIAISONS | R146: non | AE146: sous-totaux | AI146: SCC
F147: 0.4 | I147: TRAVAUX LA | AB147: Montant Page 1 | AE147: =AE143 -> 30000 | AI147: SP1
F148: 0.5 | I148: TRAVAUX LS | AB148: Montant Page 2 | AE148: =IF(AE144<>0,AE144-AE143,"") | AI148: SP2
F149: 0.6 | I149: FIBRE OPTIQUE | R149: 92 | AB149: Montant Page 3 | AE149: =IF(AE145<>0,AE145-AE144,"") | AI149: SCET
F150: 0.7 | I150: CABLIERS | R150: 94 | AI150: SPC
F151: 0.8 | I151: FONDATIONS SPECIALES | R151: Aucun | V151: se baser sur | AD151: Cde | AI151: SED
F152: 0.9 | I152: SPS | V152: Créer Cde | AI152: SIEGE
I153: AUTRES : | R153: Statut circulation Parapheur | V153: Cde Complémentaire | AD153: MODELE | AI153: DIR D&I
R154: Création/impr.essai | AD154: INITIALE | AI154: ARSE
R155: Impression définitive | AD155: AVENANT
R156: Circuit signature [ Aix ] | U156: IDEM | AD156: MISE A JOUR
R157: Circuit signature [ Paris ] | U157: AUTRE :
R158: Envoi Fournisseur
B160: Zone avec formule | AF160: Utiliser cette zone pour nous indiquer si cela concerne : - une nouvelle cde, - un avenant à une cde, ou - si elle peut nous servir de modèle à une nouvelle cde
B161: Zone d'impression | AB161: INITIALE
G162: Date : | H162: =TODAY() -> 46091 | S162: =IF(AB161="MODELE","[ X ] - MODELE",IF(AB161="INITIALE","[ X ] - NOUVELLE COMMANDE",IF(AB161="AVENANT","[ X ] - AVENANT A LA CDE N°",IF(AB161="MISE A JOUR","[ X ] - MISE A JOUR A LA COMMANDE NON DEFINITIVE","[ ] INITIALE / [ ] MODELE / [ ] AVENANT / [ ] MAJ")))) -> [ X ] - NOUVELLE COMMANDE
F163: CREATION COMMANDE :
B164: Demandeur | J164: Affaire | R164: Coordonnées entreprise
B165: Nom du Rédacteur / Interlocuteur : | J165: Projet de racco Gaudiere Amarenco | R165: OMEXOM poste | AB165: Précisez si il y a :
A166: > | B166: B VELLERE | W166: < | AB166: un Marché Cadre, dans ce cas, merci de nous transmettre le modèle d'exécution éventuel. Ou nous préciser le type de marché :
B167: Nom du Responsable Projet : | J167: MCPO2 Debenas | R167: Parc d’Activités de la Plaine
A168: > | B168: B VELLERE
B169: Tél. : | D169: 33782919468 | H169: Service: | I169: SP1 | R169: 2 Rue Maryse Hilsz 31079 TOULOUSE | AB169: Coordonnées de l'entreprise : Privilégier le Nom et l'adresse précise ( tout éléments Code Postal/Ville / SIRET peut nous aider à retrouver plus facilement l'entreprise dans GCP (sauf dans le cas des marché cadre qui applique obligatoirement une seule et même adresse)
B170: Signataire final prévu :
B171: (Si) Marché Cadre N° :
A172: > | B172: CXR21C5007
B174: =VLOOKUP($AB$176,$I$143:$I$156,1,FALSE) -> POSTE | POSTE MAF | ETUDES LIAISONS | TRVX LA | TRVX LS | F.O. | CABLIERS | F.S. | SPS | AUTRES :
B175: 10 | D175: Part Etude racco MCPO Gaudiere Debenas | P175: Date réception | R175: Qté | T175: Montant Unitaire HT | AG175: Merci de préciser le type de marché cadre dans la liste ci-contre Si "Autres" merci de saisir dans le champ mise en valeur.
P176: 45747 | R176: 1 | T176: 20000 | AB176: POSTE | POSTE MAF | ETUDES LIAISONS | TRVX LA | TRVX LS | F.O. | CABLIERS | F.S. | SPS | AUTRES :
B178: OTP | D178: SI/TGAUDBAT/OPI1/SSIR/I1 | R178: Montant Total Ligne HT | T178: =R176*T176 -> 20000
B180: 20 | D180: Part Travaux Racco Gaudiere Debenas | P180: Date réception | R180: Qté | T180: Montant Unitaire HT | AA180: Pour information : VOUS POUVEZ DOUBLE-CLIQUER DANS UNE CELLULE POUR SAISIR OU COLLER DU CONTENU
P181: 46173 | R181: 1 | T181: 10000
B183: OTP | D183: SI/TGAUDBAT/OPI1/SSIR/I1 | R183: Montant Total Ligne HT | T183: =R181*T181 -> 10000
AB184: si vous souhaitez ne saisir qu'un seul OTP et une seule date de réception pour l'ensemble de la commande : Sélectionner l'un et/ou l'autre champs ci-contre puis rentrer l'information dans le premier poste de votre cde
B185: 30 | P185: Date réception | R185: Qté | T185: Montant Unitaire HT
AB186: OTP différent pour chaque poste | AG186: OTP différent pour chaque poste
AG187: OTP identique pour tous les postes
B188: OTP | R188: Montant Total Ligne HT | T188: =R186*T186 -> 0
AB189: Date réception différente selon les postes de la cde | AG189: Date réception différente selon les postes de la cde
B190: 40 | P190: Date réception | R190: Qté | T190: Montant Unitaire HT | AG190: Date de Réception Unique
B193: OTP | R193: Montant Total Ligne HT | T193: =R191*T191 -> 0 | AB193: Corps de la commande : détailler les lignes à saisir dans la commande (il est à privilégier de reprendre éventuellement les détails du devis du fournisseur) - la zone de texte dans GCP est réduite, soyez concis, toutes précisions seront inscrites sur une 2ème ligne - Les Totaux de lignes et le Total final sont calculés automatiquement. Attention aux arrondis qui peuvent être légèrement différents entre Excel et GCP : Indiquer une quantité et un montant unitaire ! - Une date de réception PAR ligne (poste), pour information la date de réception indiqué en entête de la commande n'indique que la date la plus éloigné. - Merci d'indiquer l'OTP complet ... une liste déroulante vous permet de nous informer qu'il faut éventuellement utiliser le même partout ou si il est différent pour chaque ligne ...
B195: 50 | P195: Date réception | R195: Qté | T195: Montant Unitaire HT
B198: OTP | R198: Montant Total Ligne HT | T198: =R196*T196 -> 0
B200: 60 | P200: Date réception | R200: Qté | T200: Montant Unitaire HT
B203: OTP | R203: Montant Total Ligne HT | T203: =R201*T201 -> 0
B205: 70 | P205: Date réception | R205: Qté | T205: Montant Unitaire HT
B208: OTP | R208: Montant Total Ligne HT | T208: =R206*T206 -> 0
B210: 80 | P210: Date réception | R210: Qté | T210: Montant Unitaire HT
B213: OTP | R213: Montant Total Ligne HT | T213: =R211*T211 -> 0
B215: 90 | P215: Date réception | R215: Qté | T215: Montant Unitaire HT
B218: OTP | R218: Montant Total Ligne HT | T218: =R216*T216 -> 0
B220: 100 | P220: Date réception | R220: Qté | T220: Montant Unitaire HT
B223: OTP | R223: Montant Total Ligne HT | T223: =R221*T221 -> 0
B225: JOINDRE [FICHE ACHAT] - [FICHE CIRCULATION] - [MODELE D'EXECUTION MC EVENTUEL] - [PIECES JOINTES EVENTUELLES] | L225: =IF(R225>=$AE$144,"Montant Total de la Commande :","Sous-Total 1 - Voir Page suivante :") -> Montant Total de la Commande : | R225: =SUM(T178,T183,T188,T193,T198,T203,T208,T213,T218,T223) -> 30000
D227: Date Limite de Traitement | H227: INFORMATIONS / Documents à scanner / imprimer avant envoi / Éléments à conserver | AB227: vous pouvez indiquer une date prévisionnelle pour la signature de la cde.
B228: Souhait | H228: selon CCTP E&T Poste - Racc Gaudière ind4
AB230: Un complément d'information sera à inscrire dans la commande selon le modèle d'exécution du marché cadre. Tout information complémentaire à renseigner dans la commande peut nous être apporté ici Par défaut, nous faisons une copie de la commande + du CCTP. Merci de nous indiquer si vous souhaitez d'autres pièces scannées ou phocopiées. Une fois le parapheur complété, merci de rassembler tous les éléments qui ne doivent pas être envoyés dans la mesure du possible.
B233: Grpe Marchandise/FTS: cocher la case correspondante (ou choisir liste déroulante sur la version électronique)
B234: 1 | D234: Etudes | N234: [ ] | O234: MATÉRIELS DE LIGNES
C235: [ ] | D235: ETUDE AVIFAUNE, FAUNE, FLORE | N235: [ ] | O235: FOURN, INSTAL DES SYSTÈMES DE PROTECTION DE POSTES
C236: [ ] | D236: ETUDES ACOUSTIQUES | N236: [ ] | O236: FOURNITURE DE MATÉRIELS DE CCN DES GRANDS POSTES
C237: [ ] | D237: ETUDES D'IMPACT | N237: [ ] | O237: FOURNITURE DE MATÉRIELS DE CCN DES POSTES SOURCES
C238: [ ] | D238: ETUDES-ARCHITECTE ET MAÎTRISE D'OEUVRE | N238: [ ] | O238: FOURNITURE DE MATÉRIELS DE COMPTAGE
C239: [ ] | D239: ETUDE TECHNIQUE - LIGNES AERIENNES | N239: [ ] | O239: FOURNITURE DE MATÉRIELS DE FILERIE
C240: [ ] | D240: ETUDE TOPO/CARTOGRAPHIQUE-LIG AERIENNES | N240: [ ] | O240: FOURNITURE DE MATÉRIELS DE PROTECTION ET D'AUTOMATISME
C241: [ ] | D241: ETUDES GÉO-TECHNIQUES - LIGNES AÉRIENNES | N241: [ ] | O241: FOURNITURE DE MATÉRIELS DE QUALIMÉTRIE
C242: [ ] | D242: ETUDES MATÉRIELS POUR LIGNES AÉRIENNES | N242: [ ] | O242: FOURNITURE DE MATÉRIELS DE TÉLÉCONDUITE | AH242: exemple :
...

Sheet Fiche Creation Commande (P2)
B1: Zone avec formule
E3: Rappel de la fiche Création commande page 1 | M3: Date réception | Q3: OTP
D4: N° Cde | E4: =IF('Fiche Creation Commande (P1)'!L162<>0,'Fiche Creation Commande (P1)'!L162,"") | M4: Date de Réception Unique | O4: =IF('Fiche Creation Commande (P1)'!AB189=M4,"OUI","NON") -> NON | Q4: OTP identique pour tous les postes | S4: =IF('Fiche Creation Commande (P1)'!AB186=Q4,"OUI","NON") -> NON
D5: Type Cde | E5: =IF('Fiche Creation Commande (P1)'!AB161<>0,'Fiche Creation Commande (P1)'!AB161,"") -> INITIALE
D7: Nom CP | E7: =IF('Fiche Creation Commande (P1)'!B168<>0,'Fiche Creation Commande (P1)'!B168,"") -> B VELLERE | O7: Totaux et sous-totaux
N8: Page 1 | O8: ='Fiche Creation Commande (P1)'!$R$225 -> 30000
C9: Affaire | D9: 1 | E9: =IF('Fiche Creation Commande (P1)'!J165<>0,'Fiche Creation Commande (P1)'!J165,"") -> Projet de racco Gaudiere Amarenco | N9: Page 1+2 | O9: =$O$79 -> 0
D10: 2 | E10: =IF('Fiche Creation Commande (P1)'!J167<>0,'Fiche Creation Commande (P1)'!J167,"") -> MCPO2 Debenas | N10: Page 1+2+3 | O10: =$O$142 -> 0
D11: 3 | E11: =IF('Fiche Creation Commande (P1)'!J169<>0,'Fiche Creation Commande (P1)'!J169,"") | O11: sous-totaux
D12: 4 | E12: =IF('Fiche Creation Commande (P1)'!J172<>0,'Fiche Creation Commande (P1)'!J172,"") | N12: Montant Page 1 | O12: =O8 -> 30000
N13: Montant Page 2 | O13: =IF(O9<>0,O9-O8,"")
N14: Montant Page 3 | O14: =IF(O10<>0,O10-O9,"")
B16: Zone avec formule
B17: Zone d'impression
D18: CREATION COMMANDE : | J18: =IF(Q27<>0,IF(E4<>0,E4,""),"") | N18: =IF(Q27<>0,IF(E5<>0,E5,""),"") | P18: =IF(Q90<>0,"Page 02 / 03",IF(Q27<>0,"Page 02 / 02","Page ..…/.....")) -> Page ..…/..... | V18: =IF(Q27<>0,"Vous débutez la Page 2, une 3ème page est disponible plus bas.","Les rappels de la page précédente apparaîtront lorsque vous aurez saisie le poste 110 (Qté+Montant Unitaire HT") -> Les rappels de la page précédente apparaîtront lorsque vous aurez saisie le poste 110 (Qté+Montant Unitaire HT
B20: Demandeur | H20: Affaire | O20: =IF(Q27<>0,"Rappel Sous-Total Page 1","Total HT") -> Total HT
B21: Nom du Responsable Projet : | H21: =IF(Q27<>0,IF(E9<>0,CONCATENATE(E9," ",E10," ",E11," ",E12),""),"") | O21: =IF(Q27<>0,O8,"")
B22: =IF(Q27<>0,IF(E7<>0,E7,""),"")
O23: Total HT en euros
B24: 110 | M24: Date réception | O24: Qté | Q24: Montant Unitaire HT
B27: OTP | O27: Montant Total Ligne HT | Q27: =O25*Q25 -> 0
B29: 120 | M29: Date réception | O29: Qté | Q29: Montant Unitaire HT
B32: OTP | O32: Montant Total Ligne HT | Q32: =O30*Q30 -> 0
B34: 130 | M34: Date réception | O34: Qté | Q34: Montant Unitaire HT
B37: OTP | O37: Montant Total Ligne HT | Q37: =O35*Q35 -> 0
B39: 140 | M39: Date réception | O39: Qté | Q39: Montant Unitaire HT
B42: OTP | O42: Montant Total Ligne HT | Q42: =O40*Q40 -> 0
B44: 150 | M44: Date réception | O44: Qté | Q44: Montant Unitaire HT
B47: OTP | O47: Montant Total Ligne HT | Q47: =O45*Q45 -> 0
B49: 160 | M49: Date réception | O49: Qté | Q49: Montant Unitaire HT
B52: OTP | O52: Montant Total Ligne HT | Q52: =O50*Q50 -> 0
B54: 170 | M54: Date réception | O54: Qté | Q54: Montant Unitaire HT
B57: OTP | O57: Montant Total Ligne HT | Q57: =O55*Q55 -> 0
B59: 180 | M59: Date réception | O59: Qté | Q59: Montant Unitaire HT
B62: OTP | O62: Montant Total Ligne HT | Q62: =O60*Q60 -> 0
B64: 190 | M64: Date réception | O64: Qté | Q64: Montant Unitaire HT
B67: OTP | O67: Montant Total Ligne HT | Q67: =O65*Q65 -> 0
B69: 200 | M69: Date réception | O69: Qté | Q69: Montant Unitaire HT
B72: OTP | O72: Montant Total Ligne HT | Q72: =O70*Q70 -> 0
B74: 210 | M74: Date réception | O74: Qté | Q74: Montant Unitaire HT
B77: OTP | O77: Montant Total Ligne HT | Q77: =O75*Q75 -> 0
J79: =IF($O$10<>0,"Sous-Total 2 - Voir Page suivante","Montant Total de la Commande HT:") -> Montant Total de la Commande HT: | O79: =SUM(O21,Q27,Q32,Q37,Q42,Q47,Q52,Q57,Q62,Q67,Q72,Q77) -> 0
D81: CREATION COMMANDE : | J81: =IF(Q90<>0,IF(J18<>0,J18,""),"") | N81: =IF(Q90<>0,IF(N18<>0,N18,""),"") | P81: =IF(Q90<>0,"Page 03 / 03","Page ..…/.....") -> Page ..…/..... | V81: =IF(Q90<>0,"Vous débutez la Page 3.","Les rappels de la page précédente apparaîtront lorsque vous aurez saisie le poste 220 (Qté+Montant Unitaire HT") -> Les rappels de la page précédente apparaîtront lorsque vous aurez saisie le poste 220 (Qté+Montant Unitaire HT
B83: Demandeur | H83: Affaire | O83: =IF(Q90<>0,"Rappel Sous-Total Page 2","Total HT") -> Total HT
B84: Nom du Responsable projet : | H84: =IF(Q90<>0,IF(H21<>0,H21,""),"") | O84: =IF(Q90<>0,O79,"")
B85: =IF(Q90<>0,IF(B22<>0,B22,""),"")
O86: Total HT en euros
B87: 220 | M87: Date réception | O87: Qté | Q87: Montant Unitaire HT
B90: OTP | O90: Montant Total Ligne HT | Q90: =O88*Q88 -> 0
B92: 230 | M92: Date réception | O92: Qté | Q92: Montant Unitaire HT
B95: OTP | O95: Montant Total Ligne HT | Q95: =O93*Q93 -> 0
B97: 240 | M97: Date réception | O97: Qté | Q97: Montant Unitaire HT
B100: OTP | O100: Montant Total Ligne HT | Q100: =O98*Q98 -> 0
B102: 250 | M102: Date réception | O102: Qté | Q102: Montant Unitaire HT
B105: OTP | O105: Montant Total Ligne HT | Q105: =O103*Q103 -> 0
B107: 260 | M107: Date réception | O107: Qté | Q107: Montant Unitaire HT
B110: OTP | O110: Montant Total Ligne HT | Q110: =O108*Q108 -> 0
B112: 260 | M112: Date réception | O112: Qté | Q112: Montant Unitaire HT
B115: OTP | O115: Montant Total Ligne HT | Q115: =O113*Q113 -> 0
B117: 270 | M117: Date réception | O117: Qté | Q117: Montant Unitaire HT
B120: OTP | O120: Montant Total Ligne HT | Q120: =O118*Q118 -> 0
B122: 280 | M122: Date réception | O122: Qté | Q122: Montant Unitaire HT
B125: OTP | O125: Montant Total Ligne HT | Q125: =O123*Q123 -> 0
B127: 290 | M127: Date réception | O127: Qté | Q127: Montant Unitaire HT
B130: OTP | O130: Montant Total Ligne HT | Q130: =O128*Q128 -> 0
B132: 300 | M132: Date réception | O132: Qté | Q132: Montant Unitaire HT
B135: OTP | O135: Montant Total Ligne HT | Q135: =O133*Q133 -> 0
B137: 310 | M137: Date réception | O137: Qté | Q137: Montant Unitaire HT
B140: OTP | O140: Montant Total Ligne HT | Q140: =O138*Q138 -> 0
J142: Montant Total de la Commande HT : | O142: =SUM(O84,Q90,Q95,Q100,Q105,Q110,Q115,Q120,Q125,Q130,Q135,Q140) -> 0
P143: Zone d'impression
